"id","label","rank","x","y","cost","target"
50001,"Abodiacum",60,10.909,47.909,0.0,0
50533,"Acroceraunia Pr.",60,19.320,40.440,0.0,0
50005,"Ad Aras",60,-0.977,38.736,0.0,0
50002,"Ad fl. Tigrim",60,42.191,37.341,0.0,0
50003,"Ad Publicanos",60,6.374,45.671,0.0,0
50006,"Adramyttium",80,26.937,39.504,0.0,0
50004,"Ad Tricesimum",60,13.215,46.157,0.0,0
50007,"Aeclanum",80,15.010,41.062,0.0,0
50008,"Aelana",80,34.999,29.531,0.0,0
50009,"Aequum Tuticum",70,15.074,41.257,0.0,0
50010,"Aesernia",80,14.230,41.593,0.0,0
50011,"Aesuris",70,-7.446,37.217,0.0,0
50435,"Aginnum",80,0.627,44.203,0.0,0
50715,"Agrigentum",80,13.582,37.309,0.0,0
50013,"Aguntum",80,12.819,46.839,0.0,0
50622,"Akamas Pr.",60,32.280,35.110,0.0,0
50014,"Ake-Ptolemais",80,35.077,32.926,0.0,0
50546,"Akitas Pr.",60,21.880,36.720,0.0,0
50015,"Alba Fucens",80,13.411,42.079,0.0,0
50016,"Albulae",70,-1.158,35.292,0.0,0
50716,"Aleria",80,9.526,42.124,0.0,0
50017,"Alexandria",100,29.910,31.200,0.0,0
50019,"Alexandria Troas",80,26.152,39.760,0.0,0
50542,"Alpheos (river)",60,21.450,37.610,0.0,0
50020,"Altinum",80,12.407,45.542,0.0,0
50442,"Amaseia",80,35.820,40.648,0.0,0
50446,"Amastris",80,32.380,41.748,0.0,0
50625,"Amathous",80,33.130,34.710,0.0,0
50458,"Amisus",80,36.329,41.304,0.0,0
50021,"Ammaedara",80,8.459,35.573,0.0,0
50682,"Ammon",80,25.544,29.205,0.0,0
50776,"Amorgos",70,25.900,36.830,0.0,0
50718,"Amphipolis",90,23.837,40.814,0.0,0
50777,"Anaphe",70,25.854,36.350,0.0,0
50022,"Ancona",90,13.518,43.615,0.0,0
50023,"Ancyra",90,32.873,39.947,0.0,0
50778,"Andros",70,24.933,37.833,0.0,0
50624,"Anemurium",60,32.800,36.020,0.0,0
50024,"Antiochia",100,36.169,36.208,0.0,0
50026,"Apamea",90,36.406,35.417,0.0,0
50027,"Apamea (Pisidia)",90,30.171,38.074,0.0,0
50028,"Aphroditopolis",80,31.252,29.407,0.0,0
50637,"Apollonia",80,34.816,32.213,0.0,0
50535,"Apollonia (Epirus)",90,19.430,40.770,0.0,0
50611,"Apollonia Pontica",80,27.696,42.417,0.0,0
50545,"Apollonia-Sozousa",80,21.750,32.930,0.0,0
50660,"Apollonopolis Magna",80,32.875,24.983,0.0,0
50030,"Apulum",90,23.590,46.067,0.0,0
50031,"Aquae Sextiae",80,5.441,43.534,0.0,0
50032,"Aquae Sulis",70,-2.372,51.395,0.0,0
50033,"Aquae Terebellicae",70,-1.061,43.732,0.0,0
50034,"Aquileia",90,13.364,45.767,0.0,0
50035,"Aquincum",90,19.047,47.571,0.0,0
50012,"Ara Agrippinensium",90,6.943,50.944,0.0,0
50036,"Arae Philaenorum",70,18.787,30.293,0.0,0
50037,"Arausio",80,4.809,44.137,0.0,0
50039,"Archelais",80,34.048,38.384,0.0,0
50040,"Arelate",90,4.627,43.687,0.0,0
50041,"Argentorate",80,7.765,48.594,0.0,0
50042,"Ariminum",80,12.563,44.059,0.0,0
50043,"Arretium",90,11.862,43.470,0.0,0
50045,"Arupium",70,15.290,44.829,0.0,0
50046,"Ascalon",90,34.546,31.669,0.0,0
50047,"Asculum",90,13.574,42.854,0.0,0
50048,"Asturica",90,-6.049,42.462,0.0,0
50593,"Astypaleia",60,26.350,36.550,0.0,0
50049,"Aternum",80,14.213,42.464,0.0,0
50050,"Athenae",90,23.721,37.974,0.0,0
50559,"Athos Mons",60,24.220,40.260,0.0,0
50502,"Atria",70,12.055,45.054,0.0,0
50447,"Attalea",80,30.700,36.894,0.0,0
50051,"Aufidena",60,16.193,41.335,0.0,0
50052,"Augusta Praetoria",80,7.313,45.736,0.0,0
50053,"Augusta Raurica",80,7.727,47.544,0.0,0
50054,"Augusta Suessionum",70,3.325,49.380,0.0,0
50055,"Augusta Taurinorum",80,7.686,45.069,0.0,0
50124,"Augusta Treverorum",90,6.681,49.761,0.0,0
50056,"Augusta Vindelicum",90,10.894,48.364,0.0,0
50057,"Augustobona",70,4.063,48.307,0.0,0
50058,"Augustobriga",70,-5.677,39.806,0.0,0
50059,"Augustodunum",80,4.283,46.967,0.0,0
50444,"Augustonemetum",80,3.077,45.775,0.0,0
50445,"Augustoritum",80,1.248,45.833,0.0,0
50534,"Aulon",70,19.420,40.510,0.0,0
50531,"Automalax",70,19.130,30.250,0.0,0
50060,"Auzia",80,3.685,36.148,0.0,0
50061,"Avaricum",90,2.405,47.081,0.0,0
50062,"Aventicum",80,7.028,46.881,0.0,0
50658,"Azotus Paralios",80,34.650,31.800,0.0,0
50063,"Bagacum",70,3.810,50.303,0.0,0
50064,"Banasa",80,-6.118,34.609,0.0,0
50065,"Barcino",90,2.159,41.361,0.0,0
50610,"Bargylia",80,27.590,37.190,0.0,0
50066,"Barium",70,16.869,41.128,0.0,0
50067,"Batnae",80,38.424,36.975,0.0,0
50068,"Beneharnum",70,-0.436,43.332,0.0,0
50069,"Beneventum",90,14.761,41.137,0.0,0
50070,"Berenice",80,35.481,23.901,0.0,0
50072,"Beroia",80,37.152,36.219,0.0,0
50073,"Berytus",90,35.521,33.898,0.0,0
50075,"Bilbilis",80,-1.604,41.381,0.0,0
50743,"Boiodurum",60,13.454,48.574,0.0,0
50077,"Bonna",80,7.085,50.744,0.0,0
50078,"Bononia",80,11.348,44.494,0.0,0
50079,"Bononia (Moesia)",80,22.895,44.007,0.0,0
50080,"Bostra",90,36.484,32.517,0.0,0
50432,"Boubastis",70,31.517,30.582,0.0,0
50081,"Bovianum",80,14.473,41.486,0.0,0
50082,"Bracara Augusta",90,-8.424,41.551,0.0,0
50083,"Brigantium",70,9.725,47.495,0.0,0
50085,"Brigetio",80,18.145,47.737,0.0,0
50086,"Brundisium",80,17.938,40.635,0.0,0
50504,"Brundulum",60,12.310,45.190,0.0,0
50087,"Bulla Regia",80,8.742,36.564,0.0,0
50088,"Burdigala",90,-0.586,44.856,0.0,0
50089,"Burnum",80,15.996,44.009,0.0,0
50090,"Burrio",80,-2.930,51.741,0.0,0
50643,"Byblos",80,35.640,34.120,0.0,0
50091,"Cabilonnum",70,4.839,46.782,0.0,0
50092,"Caeciliana",70,38.121,36.661,0.0,0
50093,"Caesaraugusta",90,-0.872,41.646,0.0,0
50095,"Caesarea (Cappadocia)",90,35.502,38.721,0.0,0
50094,"Caesarea Maritima",80,34.898,32.508,0.0,0
50025,"Caesarea (Phrygia)",90,31.180,38.301,0.0,0
50096,"Caesarodunum",80,0.701,47.383,0.0,0
50097,"Calagurris",80,-1.966,42.303,0.0,0
50098,"Calleva",80,-1.075,51.375,0.0,0
50513,"Camarina",80,14.450,36.850,0.0,0
50099,"Cambete",60,7.496,47.666,0.0,0
50100,"Cambodunum",80,10.326,47.726,0.0,0
50101,"Camulodunum",80,0.897,51.891,0.0,0
50102,"Canusium",80,16.065,41.221,0.0,0
50103,"Capsa",80,8.789,34.412,0.0,0
50104,"Capua",90,14.242,41.085,0.0,0
50498,"Caput Vada",60,11.160,35.230,0.0,0
50486,"Caralis",80,9.110,39.215,0.0,0
50105,"Carnuntum",80,16.916,48.121,0.0,0
50106,"Carrhae",80,39.023,36.875,0.0,0
50107,"Carthago",100,10.312,36.846,0.0,0
50108,"Carthago Nova",90,-0.992,37.605,0.0,0
50109,"Casinum",90,13.830,41.492,0.0,0
50325,"Castra Regina",80,12.102,49.011,0.0,0
50110,"Castrum Truentinum",80,13.905,42.897,0.0,0
50111,"Castulo",80,-3.625,38.037,0.0,0
50112,"Catabathmus Maior",80,25.159,31.562,0.0,0
50113,"Caudium",80,14.640,41.063,0.0,0
50614,"Caunus",80,28.630,36.830,0.0,0
50114,"Celeia",80,15.264,46.234,0.0,0
50115,"Cenabum",80,1.915,47.909,0.0,0
50779,"Ceos",70,24.333,37.617,0.0,0
50515,"Cephalae Pr.",60,15.210,32.370,0.0,0
50116,"Cetium",70,15.622,48.204,0.0,0
50117,"Chalcedon",80,29.030,40.993,0.0,0
50555,"Chalcis",90,23.590,38.460,0.0,0
50577,"Chersonasos",80,25.390,35.320,0.0,0
50627,"Chersonesos",90,33.493,44.612,0.0,0
50551,"Chersonesos Akra",60,23.120,32.610,0.0,0
50588,"Chios",80,26.140,38.370,0.0,0
50118,"Cibalae",80,18.800,45.275,0.0,0
50436,"Cibyra",80,29.519,37.158,0.0,0
50632,"Cinolis",60,34.164,41.963,0.0,0
50119,"Circesium",90,40.449,35.172,0.0,0
50120,"Cirta",90,6.593,36.362,0.0,0
50121,"Civitas Namnetum",70,-1.558,47.214,0.0,0
50029,"Claudia Aprensis",90,27.066,40.976,0.0,0
50076,"Claudiopolis",80,31.600,40.740,0.0,0
50495,"Clipea",70,11.110,36.840,0.0,0
50122,"Clusium",90,11.947,43.016,0.0,0
50123,"Clysma",80,32.568,29.958,0.0,0
50606,"Cnidus",80,27.370,36.690,0.0,0
50476,"Colubraria",60,0.685,39.898,0.0,0
50126,"Comana",80,36.330,38.337,0.0,0
50127,"Comum",80,9.085,45.811,0.0,0
50460,"Condate",70,-1.690,48.129,0.0,0
50468,"Confluentes",70,7.585,50.357,0.0,0
50128,"Conimbriga",80,-8.499,40.085,0.0,0
50129,"Constantinopolis",100,28.985,41.018,0.0,0
50130,"Coptos",100,32.805,26.006,0.0,0
50537,"Corcyra",80,19.920,39.590,0.0,0
50131,"Corduba",100,-4.780,37.884,0.0,0
50132,"Corfinium",80,13.841,42.123,0.0,0
50549,"Corinthus",100,22.886,37.912,0.0,0
50133,"Coriosopitum",70,-2.003,54.976,0.0,0
50780,"Corseae",70,26.500,37.566,0.0,0
50631,"Corycus",80,34.150,36.460,0.0,0
50134,"Cosa",80,11.288,42.406,0.0,0
50499,"Cossyra",70,11.940,36.830,0.0,0
50135,"Cuicul",80,5.727,36.322,0.0,0
50136,"Cumae",80,14.045,40.853,0.0,0
50137,"Curia",70,9.530,46.848,0.0,0
50138,"Cyrene",90,21.867,32.824,0.0,0
50139,"Cyrrhus",80,36.915,36.781,0.0,0
50781,"Cythnos",70,24.416,37.383,0.0,0
50612,"Cyzicus",90,27.892,40.381,0.0,0
50140,"Damascus",90,36.309,33.511,0.0,0
50141,"Darnis",80,22.641,32.768,0.0,0
50142,"Decetia",70,3.463,46.850,0.0,0
50573,"Delos",70,25.270,37.400,0.0,0
50143,"Delphi",80,22.497,38.481,0.0,0
50717,"Demetrias",90,22.917,39.303,0.0,0
50144,"Dertona",80,8.864,44.896,0.0,0
50145,"Dertosa",80,0.520,40.810,0.0,0
50465,"Dessobriga",60,-4.328,42.411,0.0,0
50146,"Deultum",80,27.306,42.401,0.0,0
50147,"Deva",80,-2.897,53.190,0.0,0
50148,"Diana Veteranorum",80,5.889,35.790,0.0,0
50450,"Dianium",80,0.099,38.837,0.0,0
50149,"Dierna",80,22.402,44.708,0.0,0
50651,"Dioscurias",90,41.003,42.993,0.0,0
50459,"Divodurum",70,6.186,49.123,0.0,0
50151,"Doclea",80,19.280,42.479,0.0,0
50152,"Domavium",80,19.381,44.141,0.0,0
50782,"Donousa",70,25.8,37.1,0.0,0
50153,"Dorylaion",80,30.528,39.814,0.0,0
50154,"Drobeta",80,22.659,44.635,0.0,0
50155,"Dura",80,40.730,34.746,0.0,0
50156,"Durnonovaria",80,-2.435,50.710,0.0,0
50157,"Durocortorum",80,4.031,49.262,0.0,0
50158,"Durostorum",80,27.260,44.116,0.0,0
50159,"Dyrrhachium",90,19.454,41.324,0.0,0
50160,"Eburacum",90,-1.113,53.954,0.0,0
50448,"Ebusus",80,1.424,38.910,0.0,0
50161,"Edessa",90,38.794,37.159,0.0,0
50162,"Eleusis",80,23.543,38.045,0.0,0
50074,"Eleutheropolis",90,34.888,31.620,0.0,0
50163,"Emerita Augusta",90,-6.347,38.915,0.0,0
50164,"Emesa",80,36.716,34.734,0.0,0
50165,"Emmaus",80,34.989,31.838,0.0,0
50166,"Emona",80,14.505,46.050,0.0,0
50167,"Emporiae",80,3.100,42.150,0.0,0
50168,"Endidae",60,11.273,46.317,0.0,0
50169,"Ephesus",100,27.348,37.939,0.0,0
50528,"Epidaurum",80,18.220,42.580,0.0,0
50170,"Epiphaneia",80,36.749,35.143,0.0,0
50538,"Euesperides",80,20.079,32.135,0.0,0
50171,"Fanum Fortunae",80,13.016,43.844,0.0,0
50172,"Faventia",70,11.883,44.285,0.0,0
50173,"Ferentinum",80,13.252,41.692,0.0,0
50219,"Flaviopolis",70,32.197,40.806,0.0,0
50084,"Flavium Brigantium",70,-8.397,43.370,0.0,0
50174,"Florentia",80,11.256,43.768,0.0,0
50175,"Formiae",80,13.605,41.255,0.0,0
50720,"Forum Appii",60,13.041,41.437,0.0,0
50176,"Forum Iulii",80,6.731,43.441,0.0,0
50177,"Fregellanum",60,13.512,41.545,0.0,0
50178,"Gadara",80,35.733,32.061,0.0,0
50179,"Gades",90,-6.293,36.529,0.0,0
50180,"Galacum",60,-2.592,54.171,0.0,0
50485,"Galata",60,8.929,37.527,0.0,0
50487,"Gallicum Fretum",60,9.159,41.387,0.0,0
50181,"Gaza",90,34.458,31.510,0.0,0
50182,"Genava",70,6.138,46.202,0.0,0
50183,"Genua",70,8.933,44.406,0.0,0
50562,"Geraistos",70,24.550,37.980,0.0,0
50184,"Germa",90,31.616,39.510,0.0,0
50185,"Gesoriacum",70,1.614,50.724,0.0,0
50186,"Glevum",80,-2.262,51.867,0.0,0
50648,"Gorgippia",80,37.310,44.892,0.0,0
50548,"Gythion",80,22.570,36.760,0.0,0
50187,"Hadrianoupolis",60,26.566,41.683,0.0,0
50188,"Hadrumetum",90,10.644,35.837,0.0,0
50608,"Halicarnassus",80,27.430,37.040,0.0,0
50189,"Heliopolis",80,31.295,30.124,0.0,0
50190,"Heliopolis (Baalbek)",90,36.203,34.014,0.0,0
50569,"Hephaistia",70,25.235,39.932,0.0,0
50430,"Heraclea Pontica",90,31.419,41.282,0.0,0
50521,"Heracleum Pr.",60,16.060,37.930,0.0,0
50191,"Heraklea",80,21.345,41.025,0.0,0
50192,"Herakleopolis",80,30.941,29.086,0.0,0
50193,"Herdoniae",70,15.619,41.315,0.0,0
50194,"Hermopolis Magna",90,30.804,27.778,0.0,0
50195,"Hibis",80,30.553,25.437,0.0,0
50196,"Hierakonpolis",70,30.477,31.018,0.0,0
50197,"Hierasykaminos",70,32.683,23.068,0.0,0
50198,"Hippo Regius",90,7.754,36.888,0.0,0
50199,"Hispalis",90,-5.997,37.382,0.0,0
50200,"Histria",80,28.768,44.552,0.0,0
50742,"Horreum Margi",70,21.390,43.933,0.0,0
50530,"Hydruntum",70,18.490,40.150,0.0,0
50201,"Iader",80,15.228,44.114,0.0,0
50783,"Icaros",70,26.059,37.622,0.0,0
50541,"Ichthys Pr.",60,21.320,37.650,0.0,0
50202,"Iconium",80,32.512,37.866,0.0,0
50482,"Igilgili",80,5.767,36.822,0.0,0
50203,"Ilerda",80,0.625,41.613,0.0,0
50204,"Ilium",80,26.265,39.947,0.0,0
50489,"Ilva",70,10.240,42.743,0.0,0
50784,"Imbros",70,25.844,40.161,0.0,0
50205,"Interpromium",70,13.933,42.243,0.0,0
50206,"Iol Caesarea",90,2.196,36.606,0.0,0
50636,"Ioppe",60,34.751,32.055,0.0,0
50785,"Ios",70,25.333,36.717,0.0,0
50207,"Isca",80,-2.966,51.618,0.0,0
50550,"Isthmia",90,22.987,37.941,0.0,0
50208,"Italica",80,-6.035,37.438,0.0,0
50209,"Iulia Concordia",80,12.843,45.756,0.0,0
50462,"Iuliobona",70,0.537,49.525,0.0,0
50463,"Iuliobriga",80,-4.112,43.000,0.0,0
50210,"Iuliomagus",80,-0.548,47.458,0.0,0
50211,"Iulium Carnicum",70,13.012,46.452,0.0,0
50212,"Iuvavum",80,13.061,47.804,0.0,0
50213,"Ierusalem",100,35.234,31.776,0.0,0
50582,"Kadiston Mons",60,25.770,35.340,0.0,0
50214,"Kallipolis",60,26.680,40.414,0.0,0
50527,"Kallipolis-Anxa",70,17.990,40.060,0.0,0
50623,"Kalos Limen",80,32.703,45.521,0.0,0
50215,"Kapitolias",70,35.857,32.610,0.0,0
50626,"Karambis Pr.",60,33.370,42.014,0.0,0
50567,"Kardamis",70,25.040,31.920,0.0,0
50216,"Katabolos",70,35.985,36.922,0.0,0
50558,"Kaudos",70,24.060,34.860,0.0,0
50217,"Kellis",80,29.089,25.518,0.0,0
50556,"Kimaros Pr.",60,23.600,35.630,0.0,0
50787,"Kimolos",70,24.550,36.800,0.0,0
50788,"Kinaros",70,26.289,36.980,0.0,0
50218,"Klaudianon",80,33.490,26.807,0.0,0
50634,"Kleides Pr.",60,34.590,35.700,0.0,0
50604,"Kos",70,27.290,36.890,0.0,0
50649,"Kotyora",70,37.875,41.000,0.0,0
50741,"Krane",80,20.568,38.224,0.0,0
50554,"Kriou Metopon Pr.",60,23.580,35.270,0.0,0
50661,"Krokodilopolis",80,30.839,29.317,0.0,0
50524,"Lacinium Pr.",60,17.200,39.030,0.0,0
50220,"Lacobriga",70,-4.602,42.347,0.0,0
50221,"Lamasba",80,5.909,35.600,0.0,0
50222,"Lambaesis",90,6.262,35.489,0.0,0
50466,"Lamia",80,22.442,38.902,0.0,0
50223,"Lampsacus",80,26.694,40.351,0.0,0
50224,"Lancia",80,-5.415,42.533,0.0,0
50225,"Laodicea",80,35.785,35.521,0.0,0
50431,"Laodicea ad Lycum",90,29.116,37.842,0.0,0
50628,"Lapethos",80,33.173,35.330,0.0,0
50226,"Larinum",80,14.918,41.806,0.0,0
50227,"Larissa",90,22.416,39.639,0.0,0
50674,"Latopolis",80,32.553,25.295,0.0,0
50228,"Lauriacum",80,14.465,48.220,0.0,0
50229,"Legio VII",70,-5.571,42.605,0.0,0
50230,"Lepcis Magna",100,14.292,32.637,0.0,0
50539,"Leucas",80,20.710,38.830,0.0,0
50505,"Lilybaeum",80,12.437,37.798,0.0,0
50231,"Limonum",80,0.354,46.571,0.0,0
50232,"Lindum",80,-0.541,53.237,0.0,0
50469,"Lissus",80,19.663,41.785,0.0,0
50233,"Lixus",80,-6.111,35.209,0.0,0
50234,"Loium",60,0.723,49.522,0.0,0
50523,"Lokroi Epizephyrioi",80,16.260,38.240,0.0,0
50235,"Londinium",100,-0.083,51.520,0.0,0
50236,"Lousonna",60,6.631,46.518,0.0,0
50237,"Luca",90,10.499,43.846,0.0,0
50429,"Lugdunum",100,4.818,45.758,0.0,0
50238,"Lugdunum Cananefatium",70,4.398,52.198,0.0,0
50239,"Lugdunum Convenarum",80,0.559,43.038,0.0,0
50240,"Luguvalium",80,-2.936,54.894,0.0,0
50241,"Luna",90,10.030,44.065,0.0,0
50242,"Lutetia",70,2.340,48.850,0.0,0
50243,"Lydda",90,34.892,31.965,0.0,0
50244,"Lykopolis",80,31.187,27.183,0.0,0
50245,"Magnesia",80,27.526,37.859,0.0,0
50473,"Maiensis Statio",60,11.169,46.659,0.0,0
50713,"Malaca",80,-4.422,36.715,0.0,0
50552,"Malea Pr.",60,23.200,36.440,0.0,0
50246,"Mampsoukrenai",60,34.892,37.079,0.0,0
50249,"Mamucio",70,-2.329,53.464,0.0,0
50247,"Marcianopolis",90,27.437,43.315,0.0,0
50248,"Mariana",70,-2.926,38.558,0.0,0
50501,"Maritima",60,12.060,37.970,0.0,0
50250,"Massilia",80,5.363,43.305,0.0,0
50251,"Mediolanum",100,9.187,45.463,0.0,0
50252,"Mediolanum (Aquitania)",80,-0.630,45.749,0.0,0
50512,"Melita",80,14.400,35.880,0.0,0
50253,"Melitene",90,38.371,38.430,0.0,0
50254,"Memphis",90,31.276,30.003,0.0,0
50492,"Meninge",80,10.920,33.680,0.0,0
50493,"Mercurii Pr.",60,11.013,37.062,0.0,0
50516,"Messana",90,15.557,38.192,0.0,0
50483,"Metagonium Pr.",60,6.467,37.089,0.0,0
50791,"Miletus",70,27.276,37.531,0.0,0
50255,"Minturnae",90,13.768,41.241,0.0,0
50256,"Misenum",80,14.084,40.785,0.0,0
50257,"Mogontiacum",90,8.256,50.007,0.0,0
50677,"Mons Porphyrites",60,33.347,27.208,0.0,0
50678,"Mothis",80,28.949,25.509,0.0,0
50258,"Mounesis",70,30.606,24.683,0.0,0
50617,"Mouth of Pontus",60,29.124,41.212,0.0,0
50759,"Mouth of Witham",6,0.005,52.964,0.0,0
50259,"Mursa",80,18.673,45.549,0.0,0
50260,"Musti",80,9.135,36.341,0.0,0
50261,"Mutina",80,10.924,44.646,0.0,0
50603,"Myndos",70,27.240,37.080,0.0,0
50262,"Myos Hormos",70,34.244,26.156,0.0,0
50439,"Myra",80,29.995,36.244,0.0,0
50644,"Myriandros",80,36.190,36.590,0.0,0
50592,"Mytilene",80,26.310,39.210,0.0,0
50263,"Naissus",90,21.897,43.328,0.0,0
50264,"Narbo",90,3.000,43.197,0.0,0
50265,"Narnia",80,12.515,42.519,0.0,0
50266,"Narona",80,17.632,43.052,0.0,0
50267,"Naucratis",80,30.607,30.854,0.0,0
50467,"Naupactus",80,21.831,38.399,0.0,0
50793,"Naxos",70,25.378,37.103,0.0,0
50268,"Neapolis",90,14.233,40.840,0.0,0
50725,"Neapolis (Thrace)",80,24.468,40.950,0.0,0
50269,"Nemausus",80,4.357,43.843,0.0,0
50270,"Nemetacum",70,2.763,50.297,0.0,0
50271,"Nicaea",90,29.723,40.436,0.0,0
50272,"Nicomedia",90,29.924,40.770,0.0,0
50273,"Nicopolis",80,20.735,39.007,0.0,0
50274,"Nicopolis (Pontus)",80,38.146,40.151,0.0,0
50275,"Nisibis",80,41.244,37.077,0.0,0
50775,"Nisyros",70,27.172,36.588,0.0,0
50276,"Novae",80,25.385,43.615,0.0,0
50277,"Noviomagus",70,8.445,49.315,0.0,0
50278,"Nuceria",80,14.673,40.742,0.0,0
50690,"Oasis Parva",80,28.855,28.338,0.0,0
50279,"Ocriculum",80,12.466,42.411,0.0,0
50280,"Odessus",80,27.908,43.211,0.0,0
50281,"Oea",90,13.174,32.897,0.0,0
50282,"Oescus",80,24.472,43.707,0.0,0
50451,"Olbia",80,9.501,40.929,0.0,0
50621,"Olbia (Borysthenes)",90,31.902,46.692,0.0,0
50283,"Olisipo",80,-9.145,38.726,0.0,0
50284,"Omboi",80,32.950,24.466,0.0,0
50285,"Osca",80,-0.410,42.139,0.0,0
50286,"Ostia/Portus",90,12.287,41.754,0.0,0
50287,"Ovilava",80,14.026,48.163,0.0,0
50288,"Oxyrhynchus",80,30.626,28.672,0.0,0
50289,"Palantia",60,-5.383,42.446,0.0,0
50762,"Palinurus Pr.",60,14.932,40.255,0.0,0
50756,"Palma",80,2.650,39.567,0.0,0
50290,"Palmyra",90,38.285,34.559,0.0,0
50714,"Panormus",90,13.318,38.117,0.0,0
50646,"Pantikapaion",90,36.414,45.239,0.0,0
50452,"Paphos",90,32.414,34.758,0.0,0
50291,"Paraetonium",80,27.225,31.356,0.0,0
50599,"Parium",70,27.069,40.420,0.0,0
50292,"Parma",80,10.332,44.803,0.0,0
50293,"Parthanum",60,11.085,47.491,0.0,0
50440,"Patara",80,29.322,36.262,0.0,0
50294,"Patavium",90,11.876,45.409,0.0,0
50795,"Patmos",70,26.558,37.316,0.0,0
50544,"Patrae",90,21.740,38.260,0.0,0
50295,"Pax Iulia",90,-7.851,37.997,0.0,0
50630,"Pedalion Pr.",60,34.080,34.960,0.0,0
50296,"Pella",80,22.522,40.773,0.0,0
50297,"Pelusium",90,32.567,31.043,0.0,0
50298,"Penne Locos",60,6.917,46.397,0.0,0
50299,"Perdices",70,5.367,35.845,0.0,0
50300,"Pergamum",90,27.181,39.140,0.0,0
50437,"Perge",90,30.856,36.967,0.0,0
50301,"Perinthus",80,27.957,40.977,0.0,0
50302,"Petra",90,35.464,30.325,0.0,0
50568,"Petras Megas",70,25.090,31.750,0.0,0
50553,"Petras Mikros",70,23.450,32.170,0.0,0
50303,"Petuaria",70,-0.592,53.687,0.0,0
50438,"Phaselis",80,30.547,36.520,0.0,0
50652,"Phasis",80,41.667,42.150,0.0,0
50443,"Phiara",60,36.602,39.863,0.0,0
50304,"Philadelpheia",90,35.934,31.946,0.0,0
50305,"Philippi",80,24.291,41.018,0.0,0
50306,"Philippopolis",90,24.735,42.146,0.0,0
50307,"Pisae",90,10.396,43.715,0.0,0
50308,"Pistoriae",80,10.892,43.934,0.0,0
50309,"Placentia",90,9.698,45.051,0.0,0
50310,"Poetovio",80,15.869,46.419,0.0,0
50311,"Pola",80,13.840,44.869,0.0,0
50312,"Pompeii",80,14.484,40.748,0.0,0
50313,"Pompelo",70,-1.652,42.800,0.0,0
50314,"Pons Aeni",70,12.118,47.881,0.0,0
50315,"Pons Drusi",60,11.343,46.475,0.0,0
50761,"Populonium",80,10.496,42.996,0.0,0
50316,"Porolissum",80,23.194,47.168,0.0,0
50464,"Portus Blendium",70,-4.043,43.432,0.0,0
50474,"Portus Magnus",70,-0.266,35.808,0.0,0
50456,"Portus Pachyni",70,15.137,36.681,0.0,0
50318,"Potaissa",80,23.756,46.561,0.0,0
50602,"Potidaion",70,27.210,35.510,0.0,0
50319,"Praetorium",70,15.968,31.286,0.0,0
50609,"Proconnesus",60,27.556,40.592,0.0,0
50619,"Prusias",80,29.156,40.432,0.0,0
50320,"Ptolemais",90,20.950,32.707,0.0,0
50321,"Ptolemais Hermiou",80,31.804,26.477,0.0,0
50322,"Puteoli",90,14.106,40.830,0.0,0
50642,"Pyramos (river)",60,35.560,36.570,0.0,0
50700,"Qasr Farafra",60,27.932,27.044,0.0,0
50654,"Raphia",80,34.252,31.289,0.0,0
50323,"Ravenna",90,12.212,44.423,0.0,0
50324,"Reate",80,12.860,42.402,0.0,0
50326,"Regium",80,15.643,38.108,0.0,0
50613,"Rhodos",80,28.230,36.440,0.0,0
50327,"Roma",100,12.485,41.891,0.0,0
50461,"Rotomagus",70,1.097,49.448,0.0,0
50328,"Rusaddir",80,-2.940,35.283,0.0,0
50329,"Rusicade",80,6.912,36.885,0.0,0
50330,"Rutupiae",70,1.318,51.302,0.0,0
50331,"Sabratha",90,12.484,32.805,0.0,0
50332,"Saguntum",80,-0.269,39.666,0.0,0
50333,"Sala",80,-6.810,34.005,0.0,0
50453,"Salamis",90,33.911,35.177,0.0,0
50520,"Salapia",70,16.020,41.390,0.0,0
50334,"Saldae",80,5.071,36.762,0.0,0
50335,"Salernum",80,14.765,40.677,0.0,0
50529,"Sallentinum Pr.",60,18.360,39.800,0.0,0
50470,"Salmantica",80,-5.664,40.964,0.0,0
50336,"Salona",90,16.500,43.531,0.0,0
50618,"Salsovia",70,29.124,45.066,0.0,0
50337,"Samarobriva",70,2.287,49.892,0.0,0
50758,"Samonion Pr.",60,26.254,35.281,0.0,0
50597,"Samos",80,26.940,37.690,0.0,0
50338,"Samosata",90,38.516,37.528,0.0,0
50339,"Santicum",70,13.874,46.635,0.0,0
50340,"Sardis",90,28.065,38.476,0.0,0
50341,"Sarmizegethusa",80,22.784,45.522,0.0,0
50342,"Satala",80,39.660,40.017,0.0,0
50343,"Savaria",80,16.621,47.234,0.0,0
50344,"Scarbantia",80,16.599,47.690,0.0,0
50345,"Scodra",80,19.511,42.065,0.0,0
50796,"Skyllaion Pr.",70,23.518,37.438,0.0,0
50346,"Scythopolis",90,35.504,32.507,0.0,0
50347,"Sebasteia",90,37.032,39.748,0.0,0
50471,"Segedunum",60,-1.529,54.990,0.0,0
50348,"Segusio",70,7.011,45.122,0.0,0
50454,"Seleukeia Pieria",90,35.934,36.119,0.0,0
50755,"Selinous",70,23.685,39.140,0.0,0
50507,"Selinus",90,12.825,37.583,0.0,0
50349,"Senia",80,14.917,44.992,0.0,0
50350,"Serdica",90,23.333,42.730,0.0,0
50351,"Servitium",70,17.263,45.134,0.0,0
50594,"Sestus",80,26.417,40.228,0.0,0
50352,"Sicca Veneria",80,8.706,36.176,0.0,0
50353,"Side",90,31.398,36.775,0.0,0
50354,"Siga",80,-1.466,35.257,0.0,0
50590,"Sigeion",70,26.200,40.010,0.0,0
50355,"Singara",90,41.861,36.328,0.0,0
50356,"Singidunum",90,20.469,44.818,0.0,0
50639,"Sinope",90,35.042,42.049,0.0,0
50357,"Sinuessa",80,13.830,41.161,0.0,0
50797,"Siphnos",70,24.667,36.983,0.0,0
50358,"Sipontum",80,15.895,41.606,0.0,0
50359,"Sirmium",90,19.609,44.965,0.0,0
50360,"Sisapo",70,-4.519,38.644,0.0,0
50361,"Siscia",90,16.370,45.482,0.0,0
50362,"Sitifis",90,5.394,36.192,0.0,0
50363,"Smyrna",90,27.141,38.427,0.0,0
50557,"Sounion Pr.",60,24.030,37.650,0.0,0
50364,"Soura",70,38.804,35.906,0.0,0
50365,"Spinis",60,-1.233,51.400,0.0,0
50366,"Spoletium",90,12.737,42.744,0.0,0
50367,"Stobi",80,21.972,41.554,0.0,0
50368,"Sufasar",80,2.507,36.194,0.0,0
50369,"Sufetula",80,9.128,35.257,0.0,0
50370,"Summuntorium",70,10.789,48.639,0.0,0
50372,"Summus Pyreneus (East)",60,-0.728,42.845,0.0,0
50371,"Summus Pyreneus (West)",60,-1.359,43.008,0.0,0
50373,"Syene",80,32.905,24.095,0.0,0
50455,"Syracusae",90,15.295,37.072,0.0,0
50798,"Syros",70,24.920,37.430,0.0,0
50376,"Tabia",80,34.535,39.858,0.0,0
50374,"Tacape",90,10.098,33.882,0.0,0
50547,"Tainaron Pr.",80,22.480,36.390,0.0,0
50375,"Taliata",70,22.148,44.460,0.0,0
50650,"Tanais",80,39.258,47.268,0.0,0
50377,"Tarentum",90,17.239,40.468,0.0,0
50378,"Tarracina",90,13.248,41.290,0.0,0
50379,"Tarraco",100,1.230,41.115,0.0,0
50380,"Tarsus",90,34.901,36.915,0.0,0
50381,"Teanum",80,14.055,41.254,0.0,0
50799,"Telos",70,27.366,36.433,0.0,0
50586,"Tenedos",60,26.051,39.817,0.0,0
50800,"Tenos",70,25.166,37.533,0.0,0
50382,"Terenouthis",70,30.816,30.431,0.0,0
50383,"Tergeste",80,13.771,45.648,0.0,0
50449,"Thabraca",80,8.750,36.953,0.0,0
50491,"Thaenae",80,10.700,34.670,0.0,0
50384,"Thagaste",80,7.983,36.290,0.0,0
50385,"Thamugadi",80,6.472,35.503,0.0,0
50564,"Thasos",80,24.710,40.780,0.0,0
50386,"Thebae",80,23.318,38.321,0.0,0
50150,"Thebai",80,32.652,25.701,0.0,0
50387,"Thelepte",80,8.596,34.986,0.0,0
50388,"Thelseai",60,36.699,33.645,0.0,0
50647,"Themiskyra",70,36.968,41.215,0.0,0
50641,"Theodosia",80,35.379,45.046,0.0,0
50801,"Thera",70,25.433,36.417,0.0,0
50389,"Thessalonica",90,22.966,40.635,0.0,0
50390,"Theveste",80,8.143,35.409,0.0,0
50391,"Thuburnica",80,8.460,36.530,0.0,0
50392,"Tibiscum",80,22.185,45.458,0.0,0
50393,"Tibur",80,12.797,41.963,0.0,0
50395,"Ticinum",70,9.156,45.185,0.0,0
50509,"Tiliaventum (river)",60,13.100,45.640,0.0,0
50396,"Tingi",90,-5.798,35.792,0.0,0
50518,"Titius (river)",60,15.860,43.720,0.0,0
50744,"Toletum",80,-4.024,39.857,0.0,0
50398,"Tolosa",80,1.434,43.616,0.0,0
50399,"Tomis",80,28.643,44.188,0.0,0
50400,"Tralles",80,27.840,37.860,0.0,0
50401,"Trapezus",80,39.718,41.002,0.0,0
50402,"Tridentum",80,11.118,46.066,0.0,0
50719,"Tripolis",90,35.850,34.431,0.0,0
50403,"Troesmis",80,28.195,45.156,0.0,0
50598,"Trogilion Pr.",60,27.020,37.670,0.0,0
50394,"Tubusuctu",80,4.834,36.668,0.0,0
50404,"Tyana",80,34.616,37.828,0.0,0
50620,"Tyras",80,30.351,46.201,0.0,0
50405,"Tyrus",90,35.198,33.277,0.0,0
50472,"Ulpiana",80,21.192,42.598,0.0,0
50125,"Ulpia Traiana Tricensimae",80,6.445,51.668,0.0,0
50406,"Valentia",80,4.889,44.929,0.0,0
50407,"Vappincum",70,6.033,44.546,0.0,0
50408,"Veldidena",60,11.394,47.260,0.0,0
50409,"Venonis",60,-1.299,52.487,0.0,0
50412,"Venta",80,-1.323,51.068,0.0,0
50411,"Venta Icenorum",80,1.287,52.577,0.0,0
50410,"Venusia",80,15.814,40.962,0.0,0
50413,"Vercellae",80,8.416,45.330,0.0,0
50414,"Verona",90,10.994,45.439,0.0,0
50415,"Verulamium",80,-0.356,51.745,0.0,0
50416,"Vesontio",80,6.002,47.224,0.0,0
50417,"Vibo Valentia",80,16.097,38.675,0.0,0
50418,"Vienna",90,4.878,45.524,0.0,0
50419,"Viminacium",80,21.233,44.736,0.0,0
50420,"Vindobona",80,16.373,48.210,0.0,0
50421,"Viroconium",80,-2.649,52.660,0.0,0
50422,"Virovesca",70,-3.324,42.549,0.0,0
50423,"Virunum",90,14.415,46.702,0.0,0
50424,"Vivisco",60,6.840,46.468,0.0,0
50425,"Volsinii",80,11.985,42.644,0.0,0
50426,"Volubilis",80,-5.558,34.085,0.0,0
50434,"Vorgium",70,-3.576,48.296,0.0,0
50751,"x",6,25.860,42.071,0.0,0
50763,"x",6,11.644,46.783,0.0,0
50772,"x",6,9.130,45.024,0.0,0
50746,"x",6,12.161,45.421,0.0,0
50764,"x",6,9.538,45.130,0.0,0
50766,"x",6,36.323,35.825,0.0,0
50767,"x",6,36.344,36.254,0.0,0
50768,"x",6,17.626,47.688,0.0,0
50745,"x",6,-7.681,37.942,0.0,0
50774,"x",6,2.024,46.081,0.0,0
50038,"x",6,36.039,34.534,0.0,0
50721,"x",6,-8.714,39.210,0.0,0
50739,"x",6,30.612,38.330,0.0,0
50737,"x",6,18.488,45.279,0.0,0
50736,"x",6,17.891,45.404,0.0,0
50735,"x",6,22.977,45.584,0.0,0
50733,"x",6,18.365,42.793,0.0,0
50732,"x",6,17.887,43.136,0.0,0
50731,"x",6,19.148,44.288,0.0,0
50730,"x",6,-2.811,52.089,0.0,0
50738,"x",6,15.391,46.360,0.0,0
50727,"x",6,-6.114,38.965,0.0,0
50765,"x",6,10.390,43.805,0.0,0
50752,"x",6,7.882,49.958,0.0,0
50753,"x",6,15.694,44.366,0.0,0
50770,"x",6,28.551,44.409,0.0,0
50754,"x",6,11.625,44.821,0.0,0
50726,"x",6,-8.673,39.219,0.0,0
50773,"x",6,9.561,45.175,0.0,0
50771,"x",6,36.763,35.274,0.0,0
50760,"x",6,36.110,32.625,0.0,0
50769,"x",6,27.960,44.699,0.0,0
50749,"x",6,19.633,42.011,0.0,0
50757,"x",6,23.499,46.021,0.0,0
50748,"x",6,19.023,47.438,0.0,0
50747,"x",6,13.128,46.371,0.0,0
50750,"x",6,19.657,41.078,0.0,0
50441,"Xanthos",80,29.331,36.360,0.0,0
50540,"Zacynthus",70,20.900,37.780,0.0,0
50427,"Zarai",80,5.683,35.799,0.0,0
50428,"Zeugma",80,37.875,37.059,0.0,0
